Type,Name,Request Count,Failure Count,Median Response Time,Average Response Time,Min Response Time,Max Response Time,Average Content Size,Requests/s,Failures/s,50%,66%,75%,80%,90%,95%,98%,99%,99.9%,99.99%,100%
POST,/start/v4//,437,0,51000.0,50695.37091696572,32604.096374998335,53000.25637500221,208.25400457665904,1.4639676978737177,0.0,51000,51000,51000,51000,51000,51000,51000,51000,53000,53000,53000
,Aggregated,437,0,51000.0,50695.37091696572,32604.096374998335,53000.25637500221,208.25400457665904,1.4639676978737177,0.0,51000,51000,51000,51000,51000,51000,51000,51000,53000,53000,53000
